1,Callie
2,Baird
3,Timothy
4,Jemmy
5,Udall
6,Gregoor
7,Bellanca
8,Trenna
9,Hobart
10,Jacobo
11,Brewer
12,Alexandro
13,Sampson
14,Gill
15,Ogden
16,Jeannine
17,Genevieve
18,Patrice
19,Agnes
20,Skye
21,Abe
22,Myriam
23,Cherish
24,Say
25,Jayne
26,Elfrieda
27,Rosette
28,Inez
29,Christian
30,Yoko
31,Wilbur
32,Dieter
33,Roderic
34,Winonah
35,Kliment
36,Tierney
37,Lynnette
38,Patrizius
39,Benedicto
40,Kelly
41,Alana
42,Corella
43,Worth
44,Carley
45,Veda
46,Daron
47,Ken
48,Hill
49,Averyl
50,Milka
51,Bat
52,Madella
53,Rici
54,Anna
55,Georgine
56,Barn
57,Meade
58,Ludovika
59,Gloriane
60,Boone
61,Lee
62,Ofilia
63,Jerri
64,Arte
65,Celestia
66,Cathrine
67,Myca
68,Hans
69,Stinky
70,Chariot
71,Chloe
72,Grier
73,Gonzalo
74,Cara
75,Sigismund
76,Glynda
77,Florance
78,Trudey
79,Allard
80,Bettye
81,Pippy
82,Catarina
83,Earvin
84,Calley
85,Billie
86,Culver
87,Wally
88,Evelina
89,Tatiana
90,Fernando
91,Grove
92,Nikki
93,Devondra
94,Arlena
95,Jaymie
96,Gabi
97,Kimball
98,Tuckie
99,Gradeigh
100,Ernaline
