0,rithvik
1,izavier
2,danais
3,lendale
4,harun
5,loret
6,givinda
7,agasthya
8,moolchand
9,rahnasia
10,janiris
11,rockafellow
12,javers
13,nihal
14,lavinnia
15,tuvya
16,tyneice
17,rozamond
18,whisper
19,sheira
20,anglin
21,ericamarie
22,franki
23,servanda
24,kelila
25,kaylah
26,siyabulela
27,ceria
28,griswell
29,maisonet
30,kandys
31,areya
32,merlon
33,taqueria
34,yashir
35,cianfrano
36,melih
37,rocus
38,roose
39,chebia
40,kisa
41,ameal
42,hiram
43,paishance
44,shonnita
45,aslög
46,mekyah
47,dolores
48,ronin
49,joaovitor
50,dvon
51,reeher
52,karmveer
53,floréal
54,jaicob-david
55,zaccary
56,ellishia
57,bien-zachary
58,jeniyah
59,kreyeski
60,jarmel
61,tranecia
62,arax
63,marykatherine
64,māris
65,värdi
66,hatchcock
67,esmerenciana
68,wilgard
69,berardo
70,analydia
71,aviary
72,messman
73,diyari
74,evenie
75,migues
76,dessel
77,kainjr
78,seweryn
79,tolanda
80,ekemini
81,wilkerson
82,silene
83,remini
84,amonee
85,seniyah
86,clayt
87,pareesa
88,gust
89,ephram
90,marliese
91,tyona
92,jacqualyne
93,dorli
94,makaiden
95,umairah
96,jalayla
97,clotaire
98,shinar
99,lucah
100,eland
101,tytan
102,dejarae
103,eillie
104,zastrow
105,jobka
106,rudaigh
107,tibúrcio
108,dekotah
109,trakelia
110,shelcy
111,zeddicus
112,letriana
113,makeisha
114,venerica
115,heer
116,oddis
117,elizbar
118,sols
119,sol-john
120,jordan-leigh
121,broddie
122,tjamdine
123,lecreasha
124,medina-zumeta
125,staggs
126,orgis
127,grogan
128,rahmel
129,maido
130,jerrimy
131,delvecchio
132,taz
133,rehnuma
134,preslea
135,pryanka
136,latara
137,mauren
138,kessley
139,jazmun
140,jdon
141,melondy
142,leffler
143,briannalee
144,holden
145,adérito
146,wester
147,arhianna
148,narith
149,gediminas
150,haras
151,camden-jordan
152,ernstine
153,pascale
154,hendrike
155,trevan
156,bencomo
157,meddler
158,semaiah
159,margrith
160,jaethan
161,avine
162,nakesia
163,janasia
164,konur
165,sabastain
166,sumaiyya
167,tadaaki
168,alyzza
169,lysette
170,dianita
171,junming
172,tremesha
173,deasya
174,fardy
175,wakita
176,dunnigan
177,rowley
178,zacki
179,soll
180,fougere
181,alisan
182,yasuko
183,shenel
184,cristoffer
185,laurine
186,tandra
187,drelan
188,pradel
189,suriya
190,jaycey
191,sandeepa
192,marland
193,ell
194,boyse
195,onolee
196,leon-j
197,jacquise
198,ashleigh-jade
199,robbie-james
200,quavon
201,adeoye
202,amersham
203,ysmael
204,terriyana
205,freddie-joe
206,vaios
207,beyzanur
208,dihanna
209,evester
210,layza
211,doresa
212,urgel
213,kain
214,destinei
215,elspeth
216,maelana
217,barby
218,fiorangelo
219,konnor-lee
220,tearza
221,geertruida
222,vishanu
223,frits
224,secundina
225,galindo
226,recor
227,lleucu
228,luat
229,berkly
230,mayall
231,betim
232,luethel
233,harshi
234,vinci
235,deviontae
236,tiya
237,maris
238,hise
239,pece
240,maryha
241,alayana
242,bennacio
243,exantus-barr
244,nayalis
245,zitong
246,bellen
247,kitchens
248,hairston
249,zeniya
250,crishawn
251,michellele
252,vernall
253,jesuan
254,sumbal
255,bleona
256,surish
257,javaraus
258,abira
259,dakira
260,sugandb
261,avitto
262,nayima
263,shafin
264,devoe
265,lorrane
266,drewett
267,lucas-john
268,angelinne
269,bisrat
270,rocelin
271,güzide
272,martrice
273,bernardette
274,tuastri
275,domanique
276,achel
277,piergiovanna
278,sibie
279,kahmia
280,ladrea
281,beatric
282,tileah
283,muma
284,levane
285,hakki
286,laskody
287,tarsem
288,tuesdae
289,azria
290,sonyia
291,adhitya
292,capelletti
293,demileigh
294,conal
295,tallbott
296,harjot
297,orenthal
298,texie
299,giniebra
300,maccaron
301,rameesa
302,ekin
303,lunda
304,karley-jayne
305,delexus
306,huck
307,breasia
308,lapria
309,salvador
310,lurley
311,telman
312,montanez
313,maurizia
314,aryssa
315,sacaria
316,gjender
317,aranjit
318,hancel
319,starcena
320,tarvi
321,umanzor
322,keeana
323,hunie
324,livan
325,jahnice
326,preveus
327,sciongay
328,kalysa
329,julena
330,ivie
331,mighell
332,futral
333,duda
334,orsay
335,mkya
336,denelle
337,kamla
338,simay
339,dessma
340,layce
341,mleah
342,gabrieal
343,ezekiel
344,kaylam
345,lieu
346,bralin
347,riddle
348,naitik
349,kaitlin-rose
350,juana
351,braylie
352,dannilynn
353,tremond
354,eloisa
355,homan
356,aisatou
357,ajsa
358,barira
359,yuriah
360,huley
361,vato
362,robson
363,rickey
364,kenston
365,angad
366,syara
367,chule
368,kyoichi
369,lakshman
370,george-william
371,lindsey
372,chaneyra
373,songül
374,juwayriyah
375,ambrey
376,millionder
377,koit
378,saroun
379,malvine
380,graniah
381,desauguste
382,harleth
383,evgeny
384,bojack
385,lanisha
386,evyn
387,kaisey-lee
388,toua
389,dennys
390,nicot
391,mcinturff
392,paislea
393,lionelle
394,marcine
395,paret
396,shaquonda
397,zaheen
398,hadija
399,jasreen
400,liddie
401,pondra
402,teresio
403,deshaun
404,lizzi
405,kalley
406,savraj
407,malcah
408,dré
409,nadley
410,edmonde
411,kawanda
412,zaharica
413,dündar
414,deiontay
415,mushtaq
416,lito
417,elfie
418,hamood
419,timtohy
420,abhiraj
421,takanori
422,cepeda
423,kenedy
424,monroy-perez
425,barnie
426,ivianna
427,tia-louise
428,jerran
429,aaleena
430,meric
431,shaqualia
432,birkan
433,leandra
434,camesha
435,viridiana
436,analiah
437,rosalba
438,disher
439,calahan
440,javionne
441,wystand
442,timolyn
443,manette
444,kelsie-rose
445,bendik
446,luben
447,dewan
448,nevaeh-mai
449,shirley
450,pattricia
451,tayler-jay
452,ansley
453,qi
454,arjin
455,ellanor
456,saparbek
457,montreuil
458,missal
459,aavyan
460,elefterios
461,sadula
462,areianna
463,salaah
464,jahsir
465,javayria
466,rayonna
467,levelle
468,dorothy
469,lacie-jane
470,arquita
471,broeder
472,zamarius
473,emanie
474,sarson
475,bhuvan
476,gahraman
477,wahidur
478,ziniya
479,anjely
480,chiarell
481,rashee
482,cherra
483,lucianna
484,salomeea
485,kaisey-lee
486,alamea
487,avajean
488,laiyah
489,hilfried
490,bunnell
491,indi-rose
492,yerlin
493,dacquisto
494,jayviona
495,jedaiah
496,pozo
497,josalee
498,jobbe
499,benedick
500,nesren
501,orabella
502,taeson
503,eulau
504,gittan
505,pelsey
506,gentrit
507,salyer
508,rillis
509,modechai
510,bismarck
511,thelmer
512,paishence
513,vanelope
514,brenson
515,lackman
516,lojeen
517,shaqir
518,badreddine
519,thaddeous
520,ryla
521,konotopsky
522,alfreada
523,laidy
524,patrina
525,devlan
526,kamakani
527,glenys
528,edib
529,bryleigh
530,ramey
531,willas
532,erlwine
533,zenora
534,yunier
535,lorreta
536,renāte
537,rambort
538,montario
539,achanti
540,pickel
541,amiere
542,davyon
543,saiyeda
544,marquard
545,skylar-rose
546,kulsrud
547,pavi
548,sadmir
549,porzia
550,seti
551,alicia-jane
552,aniessa
553,obbie
554,jowharah
555,alrzc
556,horstmar
557,kamahri
558,piro
559,manard
560,franceschina
561,mokshagna
562,jaydyn
563,schreiber
564,reannan
565,anren
566,sayyeda
567,lallu
568,geiss
569,i̇dris
570,azarah
571,dryden
572,adryn
573,mayco
574,creg
575,tajuanna
576,merili
577,allsion
578,auberon
579,oluwatooni
580,constanse
581,harsahib
582,efkije
583,liubomiras
584,boltri
585,spiridoula
586,stellamarie
587,onyekachi
588,jadyn
589,deshad
590,toye
591,shanasia
592,carmit
593,jamiles
594,la'
595,antionne
596,grinnon
597,latrelle
598,jazmenn
599,brixon
600,sadiqul
601,askia
602,vigor
603,reyner
604,dwaun
605,peytros
606,dewhurst
607,edim
608,charnette
609,aarna
610,jelaina
611,ramlah
612,sorbh
613,matroana
614,tedum
615,saifaldeen
616,jaydiel
617,aleksander
618,rénald
619,annarös
620,jazarian
621,dulsea
622,wolk
623,arnhold
624,shaqulle
625,yoshimasa
626,tremarion
627,tymur
628,ianula
629,remae
630,wald
631,ostin
632,faye
633,krahmer
634,shevell
635,degraaf
636,alak
637,victorjr
638,sandry
639,daasia
640,farlan
641,arryanna
642,avitaj
643,maiya
644,santa-ana
645,fontanez
646,visare
647,xzavien
648,mcgeehee
649,latane
650,lucrece
651,osejo
652,sheniya
653,gram
654,dianne
655,lakesia
656,louane
657,abinaash
658,lucien
659,rennata
660,valerija
661,macadams
662,celaya
663,naama
664,platts
665,pars
666,abb
667,euniqua
668,kenetta
669,janaka
670,marreon
671,abrum
672,raquelle
673,bamidele
674,onutė
675,marinus
676,vanellope
677,euanson
678,florbela
679,tyresa
680,saahiti
681,takakazu
682,eire
683,peitsa
684,avani
685,akol
686,thillaiampalam
687,dyvonne
688,laurenceau
689,ogheneruona
690,denil
691,ayomide
692,gruff
693,harriott
694,raqib
695,tzenko
696,reinald
697,doloros
698,hagenah
699,panfilo
700,tanitra
701,giulianna
702,simbo
703,lawaia
704,darius
705,sampreet
706,roeder
707,montry
708,abdulaahi
709,angelichi
710,rensia
711,imani-rose
712,nylani
713,lazer
714,yosif
715,medrick
716,jaquila
717,kennisha
718,bobbie-mae
719,amedeu
720,riser
721,keatan
722,latonia
723,tauheed
724,agge
725,vaido
726,maialen
727,mariauna
728,gwyned
729,denille
730,lucien
731,ruhani
732,nurana
733,zamaan
734,ahloni
735,toyka
736,kagan
737,diethardt
738,kaylalynn
739,jessalee
740,dearmond
741,salonge
742,anselma
743,diamantina
744,aguilar-lopez
745,grajales
746,yameli
747,tatsuki
748,orpah
749,talynn
750,breahnna
751,manjot
752,kiara-rae
753,suheil
754,aydria
755,merta
756,biller
757,vola
758,dehosse
759,krystof
760,tammee
761,ramvir
762,damean
763,collynns
764,kanye
765,schoenberg
766,kizzi
767,jaron
768,djeneba
769,apgar
770,dimarcus
771,haki
772,avalinn
773,jerek
774,collimore
775,ramata
776,burnice
777,hearsh
778,riyaadh
779,chattie
780,anhelica
781,auniya
782,clariano
783,saabirin
784,yurij
785,agosto
786,madriene
787,klaasje
788,adoree
789,santrell
790,alannis
791,hoorain
792,kashawn
793,blaydon
794,kenleigh
795,devonee
796,ziley
797,alferdo
798,heiðbrá
799,miqael
800,griglik
801,louls
802,nichole
803,dwanna
804,malanya
805,xue
806,christphor
807,kartyr
808,kenicia
809,branca
810,burma
811,rupali
812,takea
813,shoheb
814,jeevithan
815,suyeko
816,harsharan
817,aradia
818,rawl
819,tyjanae
820,croskey
821,nariana
822,romesha
823,zari
824,upender
825,brence
826,raila
827,kema
828,dragomir
829,thabiti
830,imery
831,wynne
832,haim
833,friedrike
834,sterica
835,kaweh
836,garamy
837,kelso
838,amaras
839,knaack
840,naadiya
841,zois
842,ostler
843,esteni
844,karnell
845,dashauna
846,shile
847,demi-mai
848,danariah
849,leigh
850,samoya
851,alexix
852,marq
853,littlejohn
854,shimberg
855,khal
856,sarha
857,eleda
858,nikia
859,aluna
860,jamiracle
861,yevgeni
862,ermis
863,tyah
864,mickel
865,jalina
866,jemison
867,zackrey
868,raschid
869,tamae
870,shanicka
871,wint
872,latiffa
873,hanfaa
874,yinessa
875,dajana
876,daa
877,ivalda
878,marnique
879,camesha
880,eloise
881,harvind
882,lindel
883,stephn
884,qusai
885,laoma
886,bursey
887,ellie-claire
888,jaq
889,thedy
890,falih
891,demarques
892,bakhyt
893,ilanny
894,meinhart
895,stanka
896,raliat
897,eliam
898,slaten
899,iivo
900,alixis
901,savion
902,héctor
903,rossi
904,flemke
905,natascia
906,renis
907,vyto
908,abbie-mae
909,janell
910,maesha
911,margarito
912,elpídio
913,clopein
914,gazsi
915,gillianne
916,kersey
917,mirianna
918,martsen
919,losse
920,lucene
921,lily-kate
922,cockman
923,compton
924,briunna
925,denette
926,laterian
927,andrei
928,yaslen
929,harrover
930,jenzen
931,valaria
932,marisia
933,elenna
934,hirving
935,settimo
936,calliegh
937,hotze
938,micahel
939,dlyan
940,kari-ann
941,mithlesh
942,oluf
943,constancia
944,lynne
945,zaker
946,denesha
947,damiel
948,callis
949,lumberson
950,krystalynn
951,annesophie
952,leoma
953,aghasi
954,harison
955,lyndol
956,sadeen
957,courtneyann
958,millman
959,nadezda
960,herwick
961,emojean
962,nimete
963,lília
964,remzo
965,tytus
966,alfredas
967,akeyah
968,glories
969,giovacchino
970,oveda
971,mojtaba
972,melquiades
973,karinne
974,shobhit
975,boyne
976,dastins
977,béatrice
978,eirnin
979,essien
980,gurprem
981,banu
982,guto
983,landrick
984,annajoy
985,ervina
986,saridevi
987,kamir
988,azema
989,naveyah
990,toleda
991,terrolyn
992,ngawang
993,sandusky
994,gulara
995,sauthoff
996,terrin
997,jamarya
998,baptlsta
999,marchant
